{
    "answer": "10.21236/21532974.2023.2073744",
    "ground_truth": "10.1186/s41239-023-00392-8",
    "rewards": [
        0,
        0,
        0,
        0
    ],
    "reward_sum": 0,
    "turns": 4,
    "search count": 3,
    "script count": 0,
    "summary count": 0,
    "context lengths": [
        862,
        1119,
        2107,
        3244
    ]
}