{
    "answer": "arXiv:2504.21156, April 29, 2025",
    "ground_truth": "2025-04-29, 2504.21156v1",
    "rewards": [
        0,
        0,
        1
    ],
    "reward_sum": 1,
    "turns": 3,
    "search count": 2,
    "script count": 0,
    "summary count": 0,
    "context lengths": [
        828,
        1935,
        3196
    ]
}