{
    "answer": "2504.21156",
    "ground_truth": "2025-04-29, 2504.21156v1",
    "rewards": [
        0,
        0,
        0,
        0
    ],
    "reward_sum": 0,
    "turns": 4,
    "search count": 3,
    "script count": 0,
    "summary count": 0,
    "context lengths": [
        794,
        1916,
        3121,
        4362
    ]
}