{
    "answer": "10.3389/fpsyg.2023.1020269",
    "ground_truth": "10.3389/fpsyg.2023.1020269",
    "rewards": [
        0,
        0,
        0,
        0,
        1
    ],
    "reward_sum": 1,
    "turns": 5,
    "search count": 3,
    "script count": 0,
    "summary count": 0,
    "context lengths": [
        723,
        983,
        2389,
        3243,
        3635
    ]
}