{
    "answer": "arXiv:2504.20679 April 29, 2025",
    "ground_truth": "arXiv:2504.20679v1, 2025-04-29",
    "rewards": [
        0,
        0,
        0,
        0,
        1
    ],
    "reward_sum": 1,
    "turns": 5,
    "search count": 4,
    "script count": 0,
    "summary count": 0,
    "context lengths": [
        771,
        1087,
        2470,
        3230,
        4469
    ]
}