{
    "answer": "arXiv.2504.20679, Feb 23, 2022",
    "ground_truth": "arXiv:2504.20679v1, 2025-04-29",
    "rewards": [
        0,
        0,
        0,
        0,
        0,
        0,
        0,
        0
    ],
    "reward_sum": 0,
    "turns": 8,
    "search count": 7,
    "script count": 0,
    "summary count": 0,
    "context lengths": [
        835,
        1149,
        1469,
        2267,
        3010,
        3504,
        3939,
        4820
    ]
}