{
    "answer": "arXiv:2504.20679 September 12, 2024",
    "ground_truth": "arXiv:2504.20679v1, 2025-04-29",
    "rewards": [
        0,
        0,
        0,
        0,
        0,
        0,
        0,
        0
    ],
    "reward_sum": 0,
    "turns": 8,
    "search count": 7,
    "script count": 0,
    "summary count": 0,
    "context lengths": [
        862,
        1102,
        1433,
        1739,
        2853,
        3437,
        4299,
        5194
    ]
}