{
    "answer": "arXiv:2307.08411, 2023",
    "ground_truth": "arXiv:2504.20679v1, 2025-04-29",
    "rewards": [
        0,
        0,
        0,
        0
    ],
    "reward_sum": 0,
    "turns": 4,
    "search count": 3,
    "script count": 0,
    "summary count": 0,
    "context lengths": [
        818,
        1036,
        2234,
        3571
    ]
}