{
    "answer": "arXiv:2504.20679v1, 29 Apr 2025",
    "ground_truth": "arXiv:2504.20679v1, 2025-04-29",
    "rewards": [
        0,
        0,
        0,
        1
    ],
    "reward_sum": 1,
    "turns": 4,
    "search count": 3,
    "script count": 0,
    "summary count": 0,
    "context lengths": [
        837,
        2017,
        2357,
        3545
    ]
}