{
    "answer": "10.3389/fpsyg.2023.1080883",
    "ground_truth": "10.3389/fpsyg.2023.1020269",
    "rewards": [
        0,
        0,
        0,
        0,
        0,
        0
    ],
    "reward_sum": 0,
    "turns": 6,
    "search count": 5,
    "script count": 0,
    "summary count": 0,
    "context lengths": [
        801,
        1008,
        1308,
        2493,
        3501,
        4562
    ]
}