{
    "answer": "10.3389/fpsyg.2023.1020269",
    "ground_truth": "10.3389/fpsyg.2023.1020269",
    "rewards": [
        0,
        0,
        0,
        0,
        0,
        0,
        0,
        1
    ],
    "reward_sum": 1,
    "turns": 8,
    "search count": 7,
    "script count": 0,
    "summary count": 0,
    "context lengths": [
        785,
        1091,
        1470,
        1876,
        2266,
        2600,
        3177,
        4490
    ]
}