{
    "answer": "10.3389/fpsyg.2023.1020269",
    "ground_truth": "10.3389/fpsyg.2023.1020269",
    "rewards": [
        0,
        0,
        0
    ],
    "reward_sum": 0,
    "turns": 3,
    "search count": 2,
    "script count": 0,
    "summary count": 0,
    "context lengths": [
        718,
        1893,
        3105
    ]
}