{
    "answer": "10.22515/ajpc.v4i1",
    "ground_truth": "10.3389/fpsyg.2023.1020269",
    "rewards": [
        0,
        0,
        0,
        0,
        0,
        0,
        0,
        0
    ],
    "reward_sum": 0,
    "turns": 8,
    "search count": 7,
    "script count": 0,
    "summary count": 0,
    "context lengths": [
        760,
        990,
        2299,
        2550,
        3374,
        4852,
        5435,
        6134
    ]
}