{
    "answer": "10.3389/fpsyg.2023.1020269",
    "ground_truth": "10.3389/fpsyg.2023.1020269",
    "rewards": [
        0,
        0,
        0,
        0
    ],
    "reward_sum": 0,
    "turns": 4,
    "search count": 3,
    "script count": 0,
    "summary count": 0,
    "context lengths": [
        750,
        1083,
        1587,
        2866
    ]
}