{
    "answer": "arXiv:2504.20679, April 29, 2025",
    "ground_truth": "arXiv:2504.20679v1, 2025-04-29",
    "rewards": [
        0,
        0,
        0,
        0,
        0
    ],
    "reward_sum": 0,
    "turns": 5,
    "search count": 4,
    "script count": 0,
    "summary count": 0,
    "context lengths": [
        860,
        1169,
        1577,
        2838,
        4112
    ]
}