{
    "answer": "10.3389/fpsyg.2022.904956",
    "ground_truth": "10.3389/fpsyg.2023.1020269",
    "rewards": [
        0,
        0,
        0,
        0,
        0
    ],
    "reward_sum": 0,
    "turns": 5,
    "search count": 4,
    "script count": 0,
    "summary count": 0,
    "context lengths": [
        720,
        1089,
        1326,
        1866,
        3063
    ]
}