{
    "answer": "2305.14996v1",
    "ground_truth": "arXiv:2504.20679v1, 2025-04-29",
    "rewards": [
        0,
        0,
        0,
        0
    ],
    "reward_sum": 0,
    "turns": 4,
    "search count": 3,
    "script count": 0,
    "summary count": 0,
    "context lengths": [
        996,
        1229,
        2240,
        2925
    ]
}