{
    "answer": "arXiv:2504.20679v1, Apr 29, 2025",
    "ground_truth": "arXiv:2504.20679v1, 2025-04-29",
    "rewards": [
        0,
        0,
        0,
        0,
        1
    ],
    "reward_sum": 1,
    "turns": 5,
    "search count": 4,
    "script count": 0,
    "summary count": 0,
    "context lengths": [
        799,
        2085,
        2815,
        3548,
        5037
    ]
}