{
    "answer": "10.26526/9925312608331",
    "ground_truth": "10.3389/fpsyg.2023.1020269",
    "rewards": [
        0,
        0,
        0,
        0,
        0
    ],
    "reward_sum": 0,
    "turns": 5,
    "search count": 4,
    "script count": 0,
    "summary count": 0,
    "context lengths": [
        747,
        2063,
        2412,
        2802,
        3426
    ]
}