{
    "answer": "arXiv:2504.20679",
    "ground_truth": "arXiv:2504.20679v1, 2025-04-29",
    "rewards": [
        0,
        0,
        0,
        0,
        0
    ],
    "reward_sum": 0,
    "turns": 5,
    "search count": 3,
    "script count": 0,
    "summary count": 0,
    "context lengths": [
        781,
        2137,
        3165,
        4384,
        4845
    ]
}