{
    "answer": "10.3389/fpsyg.2023.1020269",
    "ground_truth": "10.3389/fpsyg.2023.1020269",
    "rewards": [
        0,
        0,
        0,
        0,
        1
    ],
    "reward_sum": 1,
    "turns": 5,
    "search count": 4,
    "script count": 0,
    "summary count": 0,
    "context lengths": [
        783,
        1896,
        2232,
        3253,
        3688
    ]
}