{
    "answer": "arXiv:2504.20679, April 29, 2025",
    "ground_truth": "arXiv:2504.20679v1, 2025-04-29",
    "rewards": [
        0,
        0,
        0,
        0,
        0,
        1
    ],
    "reward_sum": 1,
    "turns": 6,
    "search count": 5,
    "script count": 0,
    "summary count": 0,
    "context lengths": [
        757,
        1400,
        1728,
        2103,
        3511,
        3961
    ]
}