{
    "answer": "10.13140/RG.2.2.35882.84161",
    "ground_truth": "10.1186/s41239-023-00392-8",
    "rewards": [
        0,
        0,
        0,
        0
    ],
    "reward_sum": 0,
    "turns": 4,
    "search count": 3,
    "script count": 0,
    "summary count": 0,
    "context lengths": [
        985,
        1368,
        2642,
        3832
    ]
}