{
    "answer": "2504.20679v2, 7 Jul 2025",
    "ground_truth": "arXiv:2504.20679v1, 2025-04-29",
    "rewards": [
        0,
        0,
        0,
        0,
        0,
        0,
        0,
        0
    ],
    "reward_sum": 0,
    "turns": 8,
    "search count": 7,
    "script count": 0,
    "summary count": 0,
    "context lengths": [
        836,
        2210,
        3473,
        3915,
        4215,
        4459,
        4914,
        5293
    ]
}